{
  "accuracy": 1.0,
  "mse": 0.0017026879253686951,
  "log_loss": 0.04187008006852304,
  "training_loss": 0.046089240250823095,
  "training_accuracy": 1.0
}